                  epoch,         train/box_loss,         train/cls_loss,         train/dfl_loss,   metrics/precision(B),      metrics/recall(B),       metrics/mAP50(B),    metrics/mAP50-95(B),           val/box_loss,           val/cls_loss,           val/dfl_loss,                 lr/pg0,                 lr/pg1,                 lr/pg2
                      0,                 2.8312,                 2.9778,                  2.658,                0.39372,                0.16844,                 0.1436,                0.06962,                 1.9543,                 1.8596,                 1.8561,               0.070009,              0.0033324,              0.0033324
                      1,                 1.8606,                 1.8051,                  1.751,                0.43567,                0.27093,                0.26805,                0.14606,                  1.599,                 1.3845,                 1.4985,               0.039992,              0.0066492,              0.0066492
                      2,                 1.6568,                 1.5138,                 1.5338,                0.45632,                0.33905,                0.33781,                0.19591,                 1.4798,                 1.1893,                 1.3735,              0.0099591,              0.0099496,              0.0099496
                      3,                 1.5692,                 1.3832,                 1.4374,                0.49733,                0.36615,                   0.38,                0.22577,                 1.4296,                 1.1076,                 1.3127,              0.0099258,              0.0099258,              0.0099258
                      4,                 1.5195,                 1.3086,                 1.3843,                0.52965,                0.38195,                0.40909,                0.24549,                 1.4007,                 1.0644,                 1.2802,              0.0099258,              0.0099258,              0.0099258
                      5,                 1.4909,                 1.2651,                 1.3533,                 0.5461,                0.39104,                0.42523,                 0.2574,                 1.3844,                 1.0404,                 1.2614,               0.009901,               0.009901,               0.009901
                      6,                  1.472,                 1.2367,                  1.332,                0.55201,                0.39881,                0.43515,                0.26526,                 1.3741,                 1.0257,                 1.2486,              0.0098763,              0.0098763,              0.0098763
                      7,                 1.4589,                 1.2145,                 1.3142,                0.55457,                0.40694,                0.44372,                0.27132,                  1.368,                 1.0159,                 1.2404,              0.0098515,              0.0098515,              0.0098515
                      8,                 1.4472,                 1.1976,                  1.302,                0.56653,                0.40936,                0.44984,                0.27554,                 1.3629,                 1.0092,                 1.2342,              0.0098268,              0.0098268,              0.0098268
                      9,                 1.4402,                 1.1871,                 1.2943,                0.57294,                0.41276,                0.45473,                0.27899,                  1.359,                 1.0048,                 1.2294,               0.009802,               0.009802,               0.009802
                     10,                 1.4322,                 1.1759,                 1.2852,                0.57028,                0.41823,                0.46021,                0.28227,                 1.3555,                 1.0016,                 1.2248,              0.0097773,              0.0097773,              0.0097773
                     11,                 1.4267,                 1.1672,                 1.2777,                0.58081,                0.41962,                0.46323,                0.28466,                 1.3523,                0.99861,                 1.2206,              0.0097525,              0.0097525,              0.0097525
                     12,                 1.4215,                 1.1597,                 1.2722,                0.58666,                0.41944,                0.46602,                0.28688,                 1.3494,                0.99599,                 1.2165,              0.0097278,              0.0097278,              0.0097278
                     13,                 1.4163,                 1.1521,                 1.2646,                0.59296,                0.41884,                0.46853,                0.28955,                 1.3465,                0.99324,                 1.2123,               0.009703,               0.009703,               0.009703
                     14,                 1.4144,                 1.1462,                 1.2608,                0.58871,                0.42127,                0.47081,                0.29194,                  1.344,                0.99062,                 1.2083,              0.0096783,              0.0096783,              0.0096783
                     15,                 1.4091,                   1.14,                 1.2564,                0.59689,                0.42434,                0.47383,                0.29437,                 1.3412,                0.98745,                 1.2044,              0.0096535,              0.0096535,              0.0096535
                     16,                 1.4077,                 1.1377,                 1.2533,                0.59763,                0.42496,                0.47699,                  0.297,                 1.3388,                0.98396,                 1.2006,              0.0096288,              0.0096288,              0.0096288
                     17,                 1.4071,                 1.1318,                 1.2502,                0.60575,                0.42584,                0.47987,                0.29878,                 1.3366,                0.98066,                 1.1973,               0.009604,               0.009604,               0.009604
                     18,                  1.405,                 1.1295,                 1.2475,                0.61114,                0.42544,                 0.4821,                0.30059,                 1.3343,                0.97705,                 1.1939,              0.0095793,              0.0095793,              0.0095793
                     19,                 1.4022,                 1.1263,                 1.2445,                 0.6164,                0.42655,                0.48565,                0.30306,                 1.3324,                 0.9727,                 1.1908,              0.0095545,              0.0095545,              0.0095545
                     20,                 1.4005,                 1.1226,                 1.2419,                0.62328,                0.42643,                0.48847,                0.30473,                   1.33,                0.96851,                 1.1874,              0.0095298,              0.0095298,              0.0095298
                     21,                  1.398,                 1.1196,                 1.2382,                0.62161,                0.43094,                0.49161,                0.30683,                 1.3275,                0.96338,                 1.1839,               0.009505,               0.009505,               0.009505
                     22,                  1.395,                 1.1145,                 1.2362,                0.62636,                0.43245,                 0.4944,                0.30892,                 1.3246,                 0.9587,                 1.1803,              0.0094803,              0.0094803,              0.0094803
                     23,                 1.3952,                 1.1143,                 1.2342,                0.62637,                0.43559,                0.49801,                 0.3109,                 1.3225,                0.95402,                 1.1771,              0.0094555,              0.0094555,              0.0094555
                     24,                 1.3915,                 1.1108,                 1.2309,                 0.6283,                 0.4381,                0.50079,                0.31279,                 1.3206,                0.95014,                  1.174,              0.0094307,              0.0094307,              0.0094307
                     25,                 1.3915,                   1.11,                 1.2306,                0.62867,                0.44031,                0.50316,                 0.3148,                 1.3184,                0.94597,                  1.171,               0.009406,               0.009406,               0.009406
                     26,                 1.3885,                 1.1059,                 1.2275,                0.62604,                0.44366,                0.50534,                0.31673,                 1.3165,                0.94205,                 1.1682,              0.0093813,              0.0093813,              0.0093813
                     27,                 1.3866,                 1.1027,                 1.2266,                0.62931,                0.44733,                0.50777,                0.31852,                 1.3146,                 0.9382,                 1.1656,              0.0093565,              0.0093565,              0.0093565
                     28,                 1.3879,                  1.105,                 1.2257,                0.63595,                 0.4477,                0.51003,                0.32022,                 1.3128,                0.93428,                 1.1631,              0.0093317,              0.0093317,              0.0093317
                     29,                 1.3849,                 1.0998,                 1.2223,                0.63435,                0.45057,                0.51194,                0.32175,                 1.3109,                0.93031,                 1.1607,               0.009307,               0.009307,               0.009307
                     30,                 1.3853,                 1.0991,                  1.222,                0.64243,                0.44941,                0.51435,                0.32288,                 1.3091,                  0.927,                 1.1584,              0.0092823,              0.0092823,              0.0092823
                     31,                 1.3836,                 1.0973,                 1.2202,                 0.6446,                0.45094,                0.51609,                 0.3244,                 1.3076,                0.92365,                 1.1562,              0.0092575,              0.0092575,              0.0092575
                     32,                  1.383,                 1.0958,                 1.2191,                0.64425,                0.45297,                0.51893,                 0.3257,                 1.3061,                0.92051,                 1.1541,              0.0092327,              0.0092327,              0.0092327
                     33,                 1.3807,                 1.0938,                 1.2167,                0.64481,                0.45434,                0.51966,                0.32648,                 1.3047,                0.91755,                 1.1523,               0.009208,               0.009208,               0.009208
                     34,                 1.3822,                 1.0926,                 1.2163,                0.64964,                0.45505,                0.52188,                0.32782,                 1.3033,                0.91503,                 1.1504,              0.0091833,              0.0091833,              0.0091833
                     35,                 1.3802,                 1.0912,                 1.2167,                0.65284,                0.45751,                0.52342,                0.32833,                 1.3021,                0.91278,                 1.1489,              0.0091585,              0.0091585,              0.0091585
                     36,                 1.3798,                 1.0907,                 1.2147,                0.65288,                0.45836,                0.52513,                0.32952,                  1.301,                 0.9105,                 1.1476,              0.0091337,              0.0091337,              0.0091337
                     37,                 1.3789,                  1.089,                 1.2142,                0.65899,                0.45791,                 0.5261,                0.33049,                 1.2999,                0.90818,                 1.1462,               0.009109,               0.009109,               0.009109
                     38,                 1.3791,                 1.0885,                 1.2133,                0.65927,                0.45928,                0.52645,                 0.3311,                 1.2991,                0.90632,                 1.1449,              0.0090843,              0.0090843,              0.0090843
                     39,                 1.3758,                 1.0866,                 1.2129,                0.65887,                0.46142,                 0.5274,                0.33264,                 1.2981,                0.90452,                 1.1438,              0.0090595,              0.0090595,              0.0090595
                     40,                 1.3745,                 1.0829,                 1.2119,                0.65995,                0.46125,                0.52841,                0.33319,                 1.2971,                0.90288,                 1.1427,              0.0090347,              0.0090347,              0.0090347
                     41,                 1.3753,                 1.0839,                 1.2104,                0.66453,                0.46049,                0.52954,                0.33357,                 1.2964,                0.90116,                 1.1416,                0.00901,                0.00901,                0.00901
                     42,                 1.3756,                 1.0827,                 1.2097,                0.65997,                0.46228,                0.53071,                0.33438,                  1.296,                0.89968,                 1.1407,              0.0089853,              0.0089853,              0.0089853
                     43,                 1.3745,                 1.0806,                 1.2085,                0.65972,                0.46637,                0.53115,                0.33498,                 1.2954,                0.89808,                 1.1397,              0.0089605,              0.0089605,              0.0089605
                     44,                 1.3736,                 1.0808,                 1.2086,                0.65569,                0.46787,                0.53247,                0.33635,                 1.2949,                0.89692,                  1.139,              0.0089358,              0.0089358,              0.0089358
                     45,                 1.3725,                 1.0793,                 1.2067,                0.65737,                0.47009,                0.53412,                0.33674,                 1.2938,                0.89569,                 1.1378,               0.008911,               0.008911,               0.008911
                     46,                 1.3701,                 1.0774,                 1.2054,                0.66161,                0.47057,                0.53556,                0.33754,                 1.2932,                0.89469,                 1.1369,              0.0088863,              0.0088863,              0.0088863
                     47,                 1.3699,                 1.0769,                 1.2055,                0.65967,                0.47145,                0.53653,                0.33794,                 1.2926,                0.89366,                 1.1364,              0.0088615,              0.0088615,              0.0088615
                     48,                   1.37,                 1.0777,                 1.2056,                0.66274,                0.46974,                0.53686,                0.33826,                 1.2916,                0.89277,                 1.1354,              0.0088368,              0.0088368,              0.0088368
                     49,                 1.3695,                 1.0745,                 1.2033,                0.66551,                 0.4715,                 0.5379,                0.33903,                 1.2908,                0.89153,                 1.1344,               0.008812,               0.008812,               0.008812
                     50,                 1.3687,                 1.0743,                 1.2047,                 0.6708,                0.47032,                 0.5389,                0.33985,                 1.2903,                0.89059,                 1.1337,              0.0087872,              0.0087872,              0.0087872
                     51,                 1.3679,                 1.0731,                 1.2046,                0.67187,                0.46942,                0.54043,                0.34074,                 1.2897,                0.88952,                 1.1332,              0.0087625,              0.0087625,              0.0087625
                     52,                 1.3674,                 1.0718,                 1.2026,                0.67113,                0.47189,                0.54121,                0.34089,                 1.2892,                0.88865,                 1.1326,              0.0087378,              0.0087378,              0.0087378
                     53,                 1.3675,                 1.0719,                 1.2022,                0.66684,                0.47352,                0.54183,                0.34125,                 1.2884,                0.88778,                 1.1319,               0.008713,               0.008713,               0.008713
                     54,                 1.3669,                 1.0722,                 1.2021,                0.66469,                0.47356,                0.54247,                0.34194,                 1.2881,                0.88724,                 1.1313,              0.0086882,              0.0086882,              0.0086882
                     55,                 1.3667,                 1.0713,                 1.2015,                0.66691,                0.47411,                0.54306,                0.34218,                 1.2874,                 0.8865,                 1.1307,              0.0086635,              0.0086635,              0.0086635
                     56,                 1.3659,                 1.0691,                 1.2002,                 0.6711,                0.47239,                0.54437,                 0.3428,                 1.2867,                0.88545,                 1.1299,              0.0086388,              0.0086388,              0.0086388
                     57,                 1.3671,                 1.0693,                 1.2003,                0.67139,                0.47408,                0.54475,                0.34309,                 1.2864,                0.88441,                 1.1294,               0.008614,               0.008614,               0.008614
                     58,                 1.3646,                 1.0672,                 1.1986,                0.67298,                0.47379,                0.54568,                0.34395,                 1.2864,                0.88393,                  1.129,              0.0085893,              0.0085893,              0.0085893
                     59,                 1.3648,                 1.0663,                 1.1992,                0.66924,                0.47667,                0.54577,                0.34424,                 1.2863,                0.88288,                 1.1286,              0.0085645,              0.0085645,              0.0085645
                     60,                 1.3644,                 1.0669,                 1.1993,                0.67222,                0.47705,                0.54708,                0.34475,                 1.2859,                0.88236,                 1.1284,              0.0085398,              0.0085398,              0.0085398
                     61,                 1.3641,                 1.0675,                 1.1982,                0.66819,                0.47958,                0.54705,                 0.3454,                 1.2857,                0.88167,                  1.128,               0.008515,               0.008515,               0.008515
                     62,                 1.3639,                 1.0643,                 1.1965,                0.66878,                0.48018,                0.54731,                0.34534,                 1.2852,                0.88118,                 1.1272,              0.0084903,              0.0084903,              0.0084903
                     63,                 1.3629,                 1.0651,                 1.1955,                0.66711,                0.48028,                0.54823,                0.34523,                 1.2849,                0.88052,                 1.1266,              0.0084655,              0.0084655,              0.0084655
                     64,                 1.3626,                 1.0639,                 1.1957,                0.66576,                0.48128,                0.54793,                0.34557,                 1.2847,                0.87994,                 1.1261,              0.0084408,              0.0084408,              0.0084408
                     65,                 1.3625,                 1.0622,                 1.1956,                0.66868,                0.47969,                 0.5493,                0.34593,                 1.2842,                0.87937,                 1.1256,               0.008416,               0.008416,               0.008416
                     66,                 1.3624,                 1.0633,                 1.1969,                0.67432,                 0.4792,                0.54887,                0.34624,                 1.2835,                0.87889,                 1.1254,              0.0083913,              0.0083913,              0.0083913
                     67,                 1.3612,                  1.062,                 1.1947,                0.67051,                 0.4809,                 0.5485,                0.34627,                 1.2833,                0.87841,                 1.1251,              0.0083665,              0.0083665,              0.0083665
                     68,                 1.3621,                 1.0611,                 1.1953,                0.67479,                0.47976,                0.54965,                0.34701,                  1.283,                0.87781,                 1.1249,              0.0083418,              0.0083418,              0.0083418
                     69,                  1.361,                 1.0606,                 1.1952,                0.67567,                0.47914,                 0.5495,                0.34679,                 1.2829,                0.87747,                 1.1247,               0.008317,               0.008317,               0.008317
                     70,                 1.3602,                 1.0594,                 1.1948,                0.67805,                0.47675,                0.54976,                0.34698,                 1.2826,                0.87694,                 1.1244,              0.0082922,              0.0082922,              0.0082922
                     71,                 1.3593,                 1.0588,                 1.1936,                0.67921,                0.47785,                0.55024,                0.34731,                 1.2824,                0.87645,                  1.124,              0.0082675,              0.0082675,              0.0082675
                     72,                 1.3599,                 1.0607,                 1.1944,                0.68378,                  0.478,                0.55088,                0.34776,                 1.2823,                0.87613,                 1.1237,              0.0082428,              0.0082428,              0.0082428
                     73,                 1.3591,                 1.0598,                 1.1934,                0.68139,                0.47975,                0.55189,                0.34856,                 1.2819,                 0.8758,                 1.1233,               0.008218,               0.008218,               0.008218
                     74,                 1.3602,                  1.058,                 1.1941,                0.68295,                0.48032,                0.55348,                0.34906,                 1.2816,                0.87523,                  1.123,              0.0081932,              0.0081932,              0.0081932
                     75,                 1.3592,                  1.059,                 1.1941,                0.68743,                0.47975,                0.55384,                 0.3493,                  1.281,                0.87485,                 1.1227,              0.0081685,              0.0081685,              0.0081685
                     76,                 1.3572,                 1.0556,                 1.1914,                0.68608,                0.48013,                 0.5541,                0.34932,                  1.281,                0.87425,                 1.1224,              0.0081437,              0.0081437,              0.0081437
                     77,                 1.3592,                 1.0578,                  1.192,                0.67884,                  0.482,                0.55471,                0.34943,                 1.2809,                0.87338,                 1.1221,               0.008119,               0.008119,               0.008119
                     78,                 1.3569,                 1.0547,                 1.1912,                  0.681,                0.48045,                0.55452,                0.34946,                 1.2804,                 0.8731,                 1.1217,              0.0080942,              0.0080942,              0.0080942
                     79,                 1.3579,                 1.0565,                 1.1907,                0.67921,                 0.4826,                0.55539,                0.35003,                   1.28,                0.87259,                 1.1212,              0.0080695,              0.0080695,              0.0080695
                     80,                  1.358,                 1.0546,                 1.1908,                0.67205,                0.48589,                0.55576,                0.35032,                 1.2798,                0.87222,                 1.1209,              0.0080447,              0.0080447,              0.0080447
                     81,                 1.3558,                 1.0553,                 1.1906,                0.67551,                 0.4841,                0.55523,                0.35039,                 1.2798,                0.87199,                 1.1206,                0.00802,                0.00802,                0.00802
                     82,                  1.355,                 1.0521,                 1.1889,                0.67301,                0.48543,                0.55592,                0.35056,                 1.2796,                0.87155,                 1.1202,              0.0079953,              0.0079953,              0.0079953
                     83,                 1.3542,                 1.0525,                 1.1887,                0.67627,                0.48445,                0.55598,                 0.3505,                 1.2791,                0.87119,                 1.1198,              0.0079705,              0.0079705,              0.0079705
                     84,                 1.3551,                 1.0502,                 1.1885,                0.67325,                0.48612,                0.55677,                 0.3511,                  1.279,                0.87085,                 1.1196,              0.0079457,              0.0079457,              0.0079457
                     85,                 1.3561,                 1.0532,                 1.1896,                0.67705,                0.48345,                0.55633,                0.35105,                 1.2789,                0.87046,                 1.1193,               0.007921,               0.007921,               0.007921
                     86,                 1.3566,                 1.0528,                 1.1892,                0.67997,                0.48324,                0.55639,                0.35144,                 1.2788,                 0.8703,                 1.1192,              0.0078963,              0.0078963,              0.0078963
                     87,                 1.3547,                  1.052,                 1.1887,                0.67531,                0.48555,                0.55689,                0.35153,                 1.2786,                0.87008,                  1.119,              0.0078715,              0.0078715,              0.0078715
                     88,                 1.3533,                 1.0491,                 1.1869,                0.67474,                 0.4856,                0.55756,                0.35192,                 1.2785,                 0.8699,                 1.1188,              0.0078467,              0.0078467,              0.0078467
                     89,                  1.354,                 1.0502,                 1.1881,                0.67337,                0.48601,                0.55742,                0.35219,                 1.2781,                0.86959,                 1.1184,               0.007822,               0.007822,               0.007822
                     90,                 1.3539,                 1.0495,                 1.1876,                0.67244,                0.48717,                0.55774,                0.35253,                  1.278,                0.86935,                 1.1183,              0.0077973,              0.0077973,              0.0077973
                     91,                 1.3536,                 1.0492,                 1.1872,                0.66997,                0.48693,                0.55799,                0.35242,                 1.2779,                0.86916,                 1.1182,              0.0077725,              0.0077725,              0.0077725
                     92,                 1.3524,                 1.0485,                 1.1868,                0.67142,                0.48704,                0.55787,                0.35261,                 1.2777,                0.86889,                 1.1179,              0.0077478,              0.0077478,              0.0077478
                     93,                 1.3537,                 1.0502,                 1.1887,                0.67358,                0.48793,                0.55782,                0.35266,                 1.2776,                0.86853,                 1.1177,               0.007723,               0.007723,               0.007723
                     94,                  1.354,                 1.0484,                 1.1869,                0.67074,                0.48907,                0.55854,                0.35303,                 1.2773,                0.86822,                 1.1174,              0.0076983,              0.0076983,              0.0076983
                     95,                 1.3505,                 1.0452,                 1.1863,                0.67135,                0.49016,                0.55844,                0.35327,                 1.2772,                0.86793,                 1.1173,              0.0076735,              0.0076735,              0.0076735
                     96,                 1.3508,                  1.046,                 1.1853,                0.67234,                0.48981,                0.55844,                0.35324,                 1.2771,                0.86795,                 1.1172,              0.0076488,              0.0076488,              0.0076488
                     97,                 1.3521,                 1.0469,                  1.187,                0.67602,                0.48806,                0.55836,                0.35289,                 1.2771,                0.86765,                 1.1172,               0.007624,               0.007624,               0.007624
                     98,                 1.3523,                 1.0465,                 1.1862,                0.67464,                0.48826,                0.55854,                0.35315,                 1.2767,                0.86743,                  1.117,              0.0075993,              0.0075993,              0.0075993
                     99,                 1.3507,                 1.0452,                 1.1854,                0.67506,                0.48858,                0.55866,                0.35287,                 1.2764,                  0.867,                 1.1168,              0.0075745,              0.0075745,              0.0075745
                    100,                 1.3498,                 1.0455,                 1.1862,                0.67522,                0.48836,                  0.559,                0.35319,                 1.2762,                0.86674,                 1.1167,              0.0075498,              0.0075498,              0.0075498
                    101,                 1.3496,                 1.0443,                 1.1842,                0.67626,                 0.4897,                0.55916,                0.35348,                 1.2761,                0.86664,                 1.1166,               0.007525,               0.007525,               0.007525
                    102,                 1.3497,                 1.0445,                 1.1844,                0.67933,                0.48823,                  0.559,                0.35377,                  1.276,                0.86637,                 1.1164,              0.0075003,              0.0075003,              0.0075003
                    103,                 1.3501,                 1.0443,                 1.1848,                0.68278,                0.48748,                0.55982,                0.35425,                 1.2759,                0.86584,                 1.1162,              0.0074755,              0.0074755,              0.0074755
                    104,                 1.3498,                 1.0438,                  1.184,                 0.6813,                0.49075,                0.55987,                0.35443,                 1.2758,                0.86547,                 1.1161,              0.0074507,              0.0074507,              0.0074507
                    105,                 1.3477,                 1.0423,                  1.184,                0.68165,                0.48758,                0.55985,                0.35445,                 1.2756,                0.86528,                 1.1161,               0.007426,               0.007426,               0.007426
                    106,                 1.3487,                 1.0419,                 1.1842,                0.68546,                0.48541,                0.56033,                0.35447,                 1.2756,                0.86487,                 1.1159,              0.0074013,              0.0074013,              0.0074013
                    107,                 1.3498,                 1.0431,                 1.1838,                0.68486,                0.48576,                0.56051,                0.35476,                 1.2755,                0.86466,                 1.1157,              0.0073765,              0.0073765,              0.0073765
                    108,                 1.3479,                  1.043,                 1.1833,                0.69069,                0.48338,                0.56106,                0.35508,                 1.2758,                0.86452,                 1.1157,              0.0073517,              0.0073517,              0.0073517
                    109,                 1.3481,                 1.0411,                 1.1829,                0.68652,                0.48637,                0.56094,                0.35462,                 1.2758,                0.86451,                 1.1156,               0.007327,               0.007327,               0.007327
                    110,                 1.3464,                 1.0397,                 1.1826,                 0.6925,                0.48572,                0.56161,                0.35511,                 1.2757,                0.86396,                 1.1156,              0.0073023,              0.0073023,              0.0073023
                    111,                 1.3471,                 1.0413,                 1.1819,                0.69044,                0.48546,                0.56177,                 0.3553,                 1.2756,                0.86333,                 1.1153,              0.0072775,              0.0072775,              0.0072775
                    112,                 1.3481,                 1.0411,                 1.1824,                 0.6867,                0.48781,                0.56103,                0.35516,                 1.2753,                0.86297,                  1.115,              0.0072527,              0.0072527,              0.0072527
                    113,                 1.3478,                 1.0408,                  1.182,                0.68549,                0.48764,                0.56139,                0.35544,                 1.2749,                0.86267,                 1.1146,               0.007228,               0.007228,               0.007228
                    114,                 1.3469,                 1.0386,                 1.1821,                0.67914,                0.49212,                0.56237,                0.35587,                 1.2745,                0.86233,                 1.1143,              0.0072033,              0.0072033,              0.0072033
                    115,                 1.3454,                 1.0382,                 1.1827,                0.68303,                0.49048,                0.56283,                 0.3562,                 1.2742,                0.86206,                 1.1141,              0.0071785,              0.0071785,              0.0071785
                    116,                 1.3476,                 1.0402,                 1.1823,                0.68196,                0.48915,                0.56267,                0.35597,                  1.274,                0.86199,                 1.1139,              0.0071538,              0.0071538,              0.0071538
                    117,                 1.3477,                 1.0378,                 1.1814,                 0.6807,                0.48945,                 0.5626,                0.35628,                 1.2738,                0.86165,                 1.1135,               0.007129,               0.007129,               0.007129
                    118,                 1.3472,                  1.038,                 1.1815,                0.68035,                0.48947,                0.56279,                 0.3563,                 1.2737,                0.86161,                 1.1134,              0.0071042,              0.0071042,              0.0071042
                    119,                 1.3473,                 1.0378,                 1.1818,                0.68436,                0.49019,                0.56292,                0.35607,                 1.2736,                0.86147,                 1.1134,              0.0070795,              0.0070795,              0.0070795
                    120,                 1.3449,                 1.0357,                 1.1799,                0.68809,                0.48855,                 0.5624,                0.35589,                 1.2733,                0.86116,                 1.1131,              0.0070547,              0.0070547,              0.0070547
                    121,                 1.3456,                 1.0376,                 1.1808,                0.68737,                 0.4892,                0.56289,                0.35611,                 1.2732,                0.86105,                  1.113,                0.00703,                0.00703,                0.00703
                    122,                 1.3435,                  1.035,                 1.1798,                0.68264,                0.49059,                0.56319,                 0.3562,                 1.2733,                0.86061,                 1.1128,              0.0070053,              0.0070053,              0.0070053
                    123,                 1.3449,                 1.0357,                 1.1806,                0.68065,                0.49128,                0.56303,                 0.3565,                 1.2732,                0.86012,                 1.1127,              0.0069805,              0.0069805,              0.0069805
                    124,                 1.3437,                 1.0359,                 1.1794,                0.67863,                0.49099,                0.56254,                0.35641,                 1.2731,                0.85987,                 1.1128,              0.0069558,              0.0069558,              0.0069558
                    125,                 1.3439,                 1.0338,                  1.178,                0.67782,                0.49149,                0.56289,                0.35666,                 1.2731,                0.85967,                 1.1125,               0.006931,               0.006931,               0.006931
                    126,                 1.3431,                 1.0338,                 1.1796,                0.67122,                0.49333,                 0.5629,                0.35672,                 1.2729,                0.85945,                 1.1124,              0.0069063,              0.0069063,              0.0069063
                    127,                 1.3448,                 1.0357,                 1.1786,                0.67492,                0.49296,                0.56365,                0.35714,                 1.2726,                0.85935,                  1.112,              0.0068815,              0.0068815,              0.0068815
                    128,                 1.3426,                 1.0329,                 1.1787,                0.68043,                0.49091,                0.56433,                0.35722,                 1.2723,                 0.8591,                 1.1119,              0.0068568,              0.0068568,              0.0068568
                    129,                 1.3444,                 1.0353,                 1.1802,                0.67564,                0.49225,                0.56446,                0.35765,                 1.2721,                0.85867,                 1.1118,               0.006832,               0.006832,               0.006832
                    130,                 1.3421,                 1.0313,                 1.1779,                0.67914,                0.49136,                0.56408,                0.35738,                  1.272,                 0.8582,                 1.1117,              0.0068073,              0.0068073,              0.0068073
                    131,                 1.3432,                 1.0319,                 1.1783,                0.69066,                0.48775,                0.56474,                0.35804,                  1.272,                  0.858,                 1.1116,              0.0067825,              0.0067825,              0.0067825
                    132,                 1.3421,                 1.0327,                 1.1785,                0.68444,                0.49086,                0.56462,                0.35805,                 1.2718,                0.85805,                 1.1116,              0.0067577,              0.0067577,              0.0067577
                    133,                 1.3406,                 1.0299,                 1.1765,                 0.6821,                0.49013,                0.56418,                0.35833,                 1.2713,                0.85803,                 1.1113,               0.006733,               0.006733,               0.006733
                    134,                 1.3422,                 1.0312,                 1.1782,                0.68131,                0.48955,                0.56484,                0.35815,                 1.2712,                0.85775,                 1.1112,              0.0067082,              0.0067082,              0.0067082
                    135,                  1.341,                 1.0308,                 1.1773,                0.67707,                 0.4919,                 0.5641,                0.35817,                  1.271,                 0.8576,                 1.1112,              0.0066835,              0.0066835,              0.0066835
                    136,                 1.3413,                 1.0304,                 1.1768,                0.67798,                 0.4937,                0.56528,                0.35829,                 1.2708,                0.85747,                 1.1111,              0.0066587,              0.0066587,              0.0066587
                    137,                 1.3408,                 1.0275,                 1.1761,                0.67624,                0.49369,                0.56497,                0.35845,                 1.2708,                0.85724,                  1.111,               0.006634,               0.006634,               0.006634
                    138,                  1.336,                 1.0212,                 1.1738,                0.68519,                0.49141,                0.56592,                0.35891,                 1.2704,                 0.8563,                 1.1105,              0.0066092,              0.0066092,              0.0066092
                    139,                   1.34,                 1.0285,                 1.1764,                0.67873,                0.49296,                0.56631,                0.35911,                 1.2702,                0.85607,                 1.1103,              0.0065845,              0.0065845,              0.0065845
                    140,                 1.3391,                 1.0284,                 1.1763,                0.68128,                0.49438,                0.56686,                0.35894,                 1.2701,                0.85608,                 1.1102,              0.0065598,              0.0065598,              0.0065598
                    141,                 1.3404,                 1.0285,                 1.1763,                0.67722,                0.49433,                0.56658,                0.35907,                   1.27,                0.85597,                 1.1101,               0.006535,               0.006535,               0.006535
                    142,                 1.3404,                 1.0293,                 1.1777,                0.67905,                0.49271,                0.56712,                0.35949,                 1.2701,                0.85611,                 1.1104,              0.0065102,              0.0065102,              0.0065102
                    143,                 1.3389,                 1.0287,                 1.1768,                0.67972,                0.49382,                0.56706,                0.36002,                   1.27,                0.85598,                 1.1104,              0.0064855,              0.0064855,              0.0064855
                    144,                 1.3385,                 1.0279,                 1.1763,                0.67832,                0.49312,                0.56722,                 0.3599,                 1.2699,                 0.8558,                 1.1103,              0.0064608,              0.0064608,              0.0064608
                    145,                 1.3396,                 1.0271,                 1.1752,                0.67129,                0.49739,                0.56759,                0.36019,                 1.2697,                0.85546,                 1.1101,               0.006436,               0.006436,               0.006436
                    146,                  1.339,                 1.0254,                  1.175,                0.67916,                0.49597,                0.56838,                0.36053,                 1.2697,                 0.8551,                 1.1099,              0.0064112,              0.0064112,              0.0064112
                    147,                 1.3395,                 1.0274,                 1.1749,                0.68231,                0.49305,                0.56789,                 0.3603,                 1.2698,                0.85508,                 1.1097,              0.0063865,              0.0063865,              0.0063865
                    148,                 1.3382,                 1.0271,                 1.1747,                0.68579,                0.49261,                0.56813,                0.36064,                 1.2695,                0.85473,                 1.1095,              0.0063618,              0.0063618,              0.0063618
                    149,                 1.3389,                 1.0262,                 1.1752,                0.68659,                0.49056,                0.56749,                0.36083,                 1.2693,                0.85446,                 1.1093,               0.006337,               0.006337,               0.006337
                    150,                 1.3379,                 1.0272,                  1.175,                0.69038,                 0.4884,                0.56736,                0.36065,                 1.2692,                 0.8546,                 1.1092,              0.0063122,              0.0063122,              0.0063122
                    151,                 1.3366,                  1.025,                 1.1734,                 0.6917,                  0.489,                0.56731,                0.36057,                 1.2689,                 0.8542,                  1.109,              0.0062875,              0.0062875,              0.0062875
                    152,                 1.3374,                 1.0249,                 1.1745,                0.68235,                0.49358,                0.56727,                0.36083,                  1.269,                0.85425,                 1.1091,              0.0062628,              0.0062628,              0.0062628
                    153,                 1.3367,                 1.0244,                 1.1744,                0.68646,                0.49275,                0.56754,                0.36065,                 1.2688,                0.85425,                  1.109,               0.006238,               0.006238,               0.006238
                    154,                 1.3355,                 1.0245,                 1.1741,                0.67835,                 0.4951,                0.56678,                0.36035,                 1.2686,                0.85396,                 1.1088,              0.0062132,              0.0062132,              0.0062132
                    155,                 1.3374,                 1.0234,                 1.1739,                0.67628,                0.49602,                0.56709,                0.36015,                 1.2686,                0.85389,                 1.1088,              0.0061885,              0.0061885,              0.0061885
